experiment_type,experiment_name,config_name,display_name,prompt_index,repeat_index,agent_type,param_name,param_key,variation,perturbed_value,record_status,error_message,rag_enabled,rag_type,rag_search_time_s,rag_query_generation_time_s,llm_total_time_s,llm_query_gen_time_s,llm_command_gen_time_s,robot_simulation_time_s,truck_simulation_time_s,uav_simulation_time_s,robot_success,truck_success,uav_success,total_time_s
robustness,robustness_uav.battery_drain_rate_-50%,,,,,uav,battery_drain_rate,uav.battery_drain_rate,-0.5,0.25,completed,,True,graphrag_perturbed_-50%,4.502333402633667,8.81721019744873,48.910513401031494,8.81721019744873,40.093303203582764,10.213911533355713,2304.0,2469.58,True,True,True,75.61038827896118
robustness,robustness_uav.battery_drain_rate_-30%,,,,,uav,battery_drain_rate,uav.battery_drain_rate,-0.3,0.35,completed,,True,graphrag_perturbed_-30%,5.159485101699829,19.58773899078369,49.80730128288269,19.58773899078369,30.219562292099,10.18810510635376,2448.0,34.79,True,True,True,78.17413187026978
robustness,robustness_uav.battery_drain_rate_-10%,,,,,uav,battery_drain_rate,uav.battery_drain_rate,-0.1,0.45,completed,,True,graphrag_perturbed_-10%,5.1601433753967285,9.803288698196411,40.78508186340332,9.803288698196411,30.98179316520691,10.218515396118164,2448.0,36.33,True,True,True,67.12269926071167
robustness,robustness_uav.battery_drain_rate_+0%,,,,,uav,battery_drain_rate,uav.battery_drain_rate,0,0.5,completed,,True,graphrag_perturbed_+0%,5.161824941635132,10.48167085647583,53.99148201942444,10.48167085647583,43.50981116294861,10.115635395050049,2880.0,1371.92,True,True,True,84.33210802078247
robustness,robustness_uav.battery_drain_rate_+10%,,,,,uav,battery_drain_rate,uav.battery_drain_rate,0.1,0.55,completed,,True,graphrag_perturbed_+10%,4.534120798110962,16.6388521194458,46.96839118003845,16.6388521194458,30.32953906059265,10.114166736602783,2520.0,508.34,True,True,True,72.68496966362
robustness,robustness_uav.battery_drain_rate_+30%,,,,,uav,battery_drain_rate,uav.battery_drain_rate,0.3,0.65,completed,,True,graphrag_perturbed_+30%,5.164480447769165,14.03405237197876,37.289090394973755,14.03405237197876,23.255038022994995,10.164852142333984,3060.0,1867.9,True,True,True,67.66600847244263
robustness,robustness_uav.battery_drain_rate_+50%,,,,,uav,battery_drain_rate,uav.battery_drain_rate,0.5,0.75,completed,,True,graphrag_perturbed_+50%,5.145832300186157,8.177055835723877,58.25217080116272,8.177055835723877,50.07511496543884,10.160248279571533,2304.0,2475.17,True,True,True,84.58185768127441
robustness,robustness_uav.max_speed_-50%,,,,,uav,max_speed,uav.max_speed,-0.5,0.15,completed,,True,graphrag_perturbed_-50%,5.15693998336792,36.36776328086853,49.993321895599365,36.36776328086853,13.625558614730835,10.14739990234375,2304.0,2480.06,True,True,True,77.33932685852051
robustness,robustness_uav.max_speed_-20%,,,,,uav,max_speed,uav.max_speed,-0.2,0.24,completed,,True,graphrag_perturbed_-20%,5.144434690475464,7.04296088218689,40.52562236785889,7.04296088218689,33.482661485672,10.11791467666626,3060.0,1868.18,True,True,True,67.88254642486572
robustness,robustness_uav.max_speed_+0%,,,,,uav,max_speed,uav.max_speed,0,0.3,completed,,True,graphrag_perturbed_+0%,5.035216569900513,12.200559377670288,37.62467932701111,12.200559377670288,25.42411994934082,10.246055126190186,1224.0,2690.66,True,True,False,63.86464881896973
robustness,robustness_uav.max_speed_+20%,,,,,uav,max_speed,uav.max_speed,0.2,0.36,completed,,True,graphrag_perturbed_+20%,3.7322089672088623,21.799434185028076,65.85915303230286,21.799434185028076,44.05971884727478,10.191457271575928,2052.0,1998.94,True,True,True,91.80737113952637
robustness,robustness_uav.max_speed_+50%,,,,,uav,max_speed,uav.max_speed,0.5,0.44999999999999996,completed,,True,graphrag_perturbed_+50%,5.140469789505005,14.548049211502075,69.78500962257385,14.548049211502075,55.23696041107178,10.200750827789307,2448.0,0.0,True,True,True,98.13879704475403
robustness,robustness_robot.battery_drain_per_sec_-50%,,,,,robot,battery_drain_per_sec,robot.battery_drain_per_sec,-0.5,0.01,completed,,True,graphrag_perturbed_-50%,4.520188808441162,45.646010398864746,65.8570249080658,45.646010398864746,20.21101450920105,10.175807476043701,2448.0,0.0,True,True,True,93.5636134147644
robustness,robustness_robot.battery_drain_per_sec_-30%,,,,,robot,battery_drain_per_sec,robot.battery_drain_per_sec,-0.3,0.013999999999999999,completed,,True,graphrag_perturbed_-30%,5.163838863372803,26.950839042663574,68.64755058288574,26.950839042663574,41.69671154022217,10.156693458557129,2448.0,17.8,True,True,True,98.00472235679626
robustness,robustness_robot.battery_drain_per_sec_+0%,,,,,robot,battery_drain_per_sec,robot.battery_drain_per_sec,0,0.02,completed,,True,graphrag_perturbed_+0%,5.1501851081848145,26.94108295440674,40.396674156188965,26.94108295440674,13.455591201782227,10.17993450164795,3060.0,1868.68,True,True,True,67.72938537597656
robustness,robustness_robot.battery_drain_per_sec_+30%,,,,,robot,battery_drain_per_sec,robot.battery_drain_per_sec,0.3,0.026000000000000002,completed,,True,graphrag_perturbed_+30%,5.155780792236328,30.17171287536621,64.75463056564331,30.17171287536621,34.5829176902771,10.183911323547363,2448.0,0.0,True,True,True,94.120187997818
robustness,robustness_robot.battery_drain_per_sec_+50%,,,,,robot,battery_drain_per_sec,robot.battery_drain_per_sec,0.5,0.03,completed,,True,graphrag_perturbed_+50%,4.509549379348755,16.2966091632843,58.058509349823,16.2966091632843,41.761900186538696,10.226943492889404,2664.0,2348.45,True,True,True,83.75244736671448
robustness,robustness_robot.battery_drain_per_sec_+100%,,,,,robot,battery_drain_per_sec,robot.battery_drain_per_sec,1.0,0.04,completed,,True,graphrag_perturbed_+100%,5.174867630004883,40.430601835250854,59.05680322647095,40.430601835250854,18.626201391220093,10.15300989151001,1872.0,1707.14,True,True,True,87.43825173377991
robustness,robustness_robot.speed_m_per_sec_-50%,,,,,robot,speed_m_per_sec,robot.speed_m_per_sec,-0.5,0.5,completed,,True,graphrag_perturbed_-50%,4.5145509243011475,31.112977981567383,46.08314323425293,31.112977981567383,14.970165252685547,10.173568725585938,2664.0,2361.81,True,True,True,72.78229331970215
robustness,robustness_robot.speed_m_per_sec_-20%,,,,,robot,speed_m_per_sec,robot.speed_m_per_sec,-0.2,0.8,completed,,True,graphrag_perturbed_-20%,5.17055869102478,23.59673762321472,68.06035947799683,23.59673762321472,44.463621854782104,10.188298225402832,2880.0,1369.17,True,True,True,94.42939877510071
robustness,robustness_robot.speed_m_per_sec_+0%,,,,,robot,speed_m_per_sec,robot.speed_m_per_sec,0,1.0,completed,,True,graphrag_perturbed_+0%,3.7375481128692627,26.18764638900757,70.71401977539062,26.18764638900757,44.52637338638306,10.23123025894165,2304.0,2464.79,True,True,True,96.71353793144226
robustness,robustness_robot.speed_m_per_sec_+20%,,,,,robot,speed_m_per_sec,robot.speed_m_per_sec,0.2,1.2,completed,,True,graphrag_perturbed_+20%,4.512538194656372,14.126801013946533,33.411805629730225,14.126801013946533,19.28500461578369,10.127081871032715,2664.0,2365.17,True,True,True,59.10421872138977
robustness,robustness_robot.speed_m_per_sec_+50%,,,,,robot,speed_m_per_sec,robot.speed_m_per_sec,0.5,1.5,completed,,True,graphrag_perturbed_+50%,4.504077434539795,16.9948992729187,58.64621114730835,16.9948992729187,41.65131187438965,10.136196613311768,2520.0,507.12,True,True,True,86.33630967140198
